Topic 1,Topic 2,Topic 3,Topic 4,Topic 5,Topic 6,Topic 7,Topic 8,Topic 9,Topic 10,Topic 11,Topic 12,Topic 13,Topic 14,Topic 15,Topic 16,Topic 17,Topic 18,Topic 19,Topic 20,Topic 21,Topic 22,Topic 23,Topic 24,Topic 25,Topic 26,Topic 27,Topic 28
乔家大院,海河,中心,文化,故宫,直隶,棒槌,讲解,晋祠,野鸭,相声,胡杨林,张学良,建筑,煤炭,动物,百花山,海洋,历史,大道,火车,门票,植物,遗址,故宫,杨柳青,quot,石刻
乔家,平遥,外朝,历史,珍宝馆,植物,索道,导游,建筑,延庆,表演,酒店,故居,壁画,介绍,火车,海拔,国家,感受,建筑,壁画,时间,自然,必须,建筑,古镇,将军,赞赞
建筑,票号,皇帝,文物,午门,amp,锤峰,故宫,园林,鸟类,演员,服务,古文化,位于,化石,猛兽,栈道,平米,仿佛,意大利,沙漠,讲解,展厅,铁牛,宫殿,大院,amp,艺术
大院,首钢,居住,艺术,钟表,总督,不同,历史,太原,希拉,古文化,胡杨,位于,北齐,展品,自驾,不錯,展示,文化,风格,永乐宫,携程,科普,黄河,古代,2a,观复,宫灯
晋商,古城,北京故宫,建筑,时间,保定,缆车,老师,圣母,游客,茶馆,房子,国子监,花卉,地质博物馆,园区,山顶,教育,故宫,历史,小时,小时,汽车,出行,世界,石家,绥远,长信
院落,镖局,统称,展示,天安门,雍正,北戴河,了解,历史,quot,听相声,额济纳,昭君,不同,宝石,野生,草甸,位于,故事,故居,味道,导游,互动,津渡,皇家,西青区,衙署,清华大学
民居,晋商,建筑,展览,神武门,总督署,秦皇岛,知识,鱼沼飞,穆仁,演出,沙漠,天后宫,大观园,地质,小时,不少,展览,更是,租界,便宜,预约,知识,性价比,紫禁城,位于,紫檀,平方米
文化,工业,分为,展厅,御花园,衙署,故宫,秀才,宋代,位于,北岳,房间,少帅,打卡,展厅,门票,森林,一体,建筑,洋楼,野兽,提前,海洋,历史,故宫博物院,年画,永乐,正定
北方,位于,大殿,博物院,宫殿,北京植物园,畅观楼,专业,三绝,快捷,瓜子,八道,津门,毗卢寺,知识,步行,位于,面积,走进,名人,携程,进去,丰富,购买,最大,天津市,典籍,建筑
布局,金融,性价比,丰富,太和殿,河间,门票,故事,难老泉,衡水,环境,摆渡,孔庙,世界,了解,时间,门头沟区,国家级,魅力,天津市,一圈,免费,世界,安全可靠,保存,中心,家具,楼房
