Topic 1,Topic 2,Topic 3,Topic 4,Topic 5,Topic 6,Topic 7,Topic 8,Topic 9,Topic 10,Topic 11,Topic 12,Topic 13,Topic 14,Topic 15,Topic 16,Topic 17,Topic 18,Topic 19,Topic 20,Topic 21,Topic 22,Topic 23,Topic 24,Topic 25,Topic 26
文化,酒店,植物,动物,三星堆,小时,恐龙,讲解,天下,古镇,quot,讲解,大熊猫,亚丁,历史,鲜花,杜甫,熊猫,游客,历史,南门,大象,遗址,木府,武侯祠,西区
建筑,干净,热带,游客,青铜,动物,化石,导游,兰花,庄园,盐业,历史,基地,稻城,文化,杜鹃花,草堂,可爱,携程,了解,北门,野象,金沙,丽江,三国,武侯祠
历史,房间,西双版纳,感受,文化,门票,世界,携程,君兰,建川,广元,三星堆,熊猫,海拔,三国,杜鹃,诗人,大熊猫,挂件,讲解,索道,表演,文物,古城,诸葛亮,东区
位于,服务,花卉,生态,文明,观光车,自贡,门票,花语,刘氏,自贡,了解,繁育,雪山,武侯祠,花之城,茅屋,基地,差评,老师,剑门关,蝴蝶,陈列馆,文化,刘备,棒棒
昆明,晚上,园区,自然,历史,游客,标本,小时,满意,安仁,会馆,文物,保护,徒步,感受,孔雀,诗圣,小熊猫,工作人员,好评,栈道,企鹅,太阳神,剑门关,锦里,三国
文物,交通,城市,大自然,文物,时间,花之城,时间,普者黑,工业,嘉陵江,文化,研究,牛奶,梅里雪山,花园,诗歌,产房,管理,amp,鸟道,世界,遗迹,历史,红墙,诸葛亮
展示,热情,丰富,丰富,神秘,园区,科普,提前,荷花,大院,造像,老师,自然,风景,仿佛,美美,园林,睡觉,普底,故事,缆车,海豚,出土,建筑,丞相,汉昭烈
特色,性价比,国家,园区,面具,电瓶车,展示,服务,花海,燕子,工作人员,展品,游客,五色,故事,昭觉寺,唐代,宝宝,门票,导游,关楼,学校,考古,望天树,水下,君臣
艺术,价格,中科院,仿佛,民族,进去,位于,工作人员,品种,严家,石窟,知识,教育,香格里拉,诸葛亮,爸妈,故居,花花,垃圾,感谢,玻璃,雨林,发现,导游,小时,遗迹
大理,住宿,南山,君兰,青铜器,停车场,发展,现场,花朵,溶洞,千佛崖,展厅,环境,高原,城市,观赏,居住,月亮,保安,知识,爬山,水母,文化,土司,蜀汉,蜀汉
