Topic 1,Topic 2,Topic 3,Topic 4,Topic 5,Topic 6,Topic 7,Topic 8,Topic 9,Topic 10,Topic 11,Topic 12,Topic 13,Topic 14,Topic 15,Topic 16,Topic 17,Topic 18,Topic 19,Topic 20,Topic 21,Topic 22,Topic 23,Topic 24,Topic 25
茂陵,酒店,历史,电影,兰州,黄河,陵墓,amp,文物,地质公园,文化,讲解,千年,奇迹,导游,敦煌,布鲁克,动物,西部,西安,沙漠,讲解,武侯祠,兵马俑,历史
霍去病,服务,文化,大话西游,丹霞,沙漠,考古,赞赞,位于,汗血,唐卡,导游,君王,兵马俑,讲解,阳关,巴音,野生,景观,钟楼,黄河,时间,位于,西安,西安
汉武帝,免费,文物,银川,动物,大漠,陶俑,自然,遗址,古城,藏族,讲解员,依旧,世界,门票,遗址,兵马俑,西宁,位于,鼓楼,项目,西安,钟楼,秦始皇,智慧
库尔德,房间,了解,场景,火车,长河,西夏,时间,文化,峡谷,了解,历史,遇见,第八,携程,西出阳关无故人,九曲十八弯,雪豹,公里,碑林,工作人员,小时,建于,秦始皇陵,了解
时间,交通,丰富,镇北堡,步行,绿洲,发现,展馆,陈列,地质,震撼,老师,黄沙,讲解,游客,莫高窟,位于,园区,白鹿原,建筑,服务,历史,保存,讲解,古人
游览,干净,展示,拍摄,表演,风光,皇帝,quot,展示,宝马,医药,文物,兵马俑,长城,兵马俑,丝绸之路,天鹅,高原,影视,历史,游客,门票,完整,导游,兵马俑
历史,西安,展厅,西部,观光车,西北,历史,小时,建筑,地貌,彩绘,专业,战场,看过,时间,古代,天鹅湖,青藏高原,原始,书法,感受,预约,乾陵,铜车马,秦始皇
主要,附近,陕西历史博物馆,秦岭,秦腔,高山,遗址,门票,平方米,大峡谷,服饰,知识,壮士,展览,小时,敦煌市,世界,进去,国家,城市,热情,解说,中心,一号,感受
公里,环境,艺术,清城,栈道,独特,地下,设计,博物院,贵德,历史,小时,前世,八大,进去,玉门关,区间车,保护,影城,石刻,羊皮,兵马俑,最大,陶俑,统一
匈奴,地铁,青铜器,明城,水墨,孤烟直,价值,贝林,展览,公里,免费,了解,今生,历史,门口,杯酒,第一批,熊猫,基地,文化,筏子,了解,西安,陈列,文化
